epoch,loss_age,loss_gender,loss_expr,f1_age,f1_gender,f1_expr,lr,w_age,w_gender,w_expr
1,1.1162364359665902,0.33334529814755576,0.7590050905827403,0.45697115288354717,0.8644510957459377,0.6321884900093598,0.001,0.528383731842041,1.7598223686218262,0.8193820714950562
2,0.9711481426729405,0.23509619918769797,0.43536784429132014,0.4055268238042377,0.8820785852124496,0.6336291723833943,0.0009938441702975688,0.5200071930885315,2.2829031944274902,1.3065159320831299
3,0.9385932644285281,0.19858317129862632,0.30163105329840373,0.48424867772839897,0.8873106668040638,0.6320444154575954,0.0009755282581475768,0.5429736375808716,2.6628403663635254,1.853964924812317
4,0.9043906011476689,0.16326441442791267,0.1920242564654106,0.451830969128152,0.8783884803841717,0.6252980480067983,0.0009455032620941839,0.5519212484359741,3.093372344970703,2.723182439804077
5,0.8868614241711853,0.14135685218624452,0.13515256546291543,0.49282506180267016,0.8798217123913125,0.661499877338682,0.0009045084971874737,0.5732082724571228,3.6586897373199463,3.7789769172668457
6,0.870371225961419,0.12623689287325285,0.10061603219570828,0.4945364728856133,0.8973744372871397,0.6714221214503739,0.0008535533905932737,0.5832062363624573,4.022049427032471,4.788553714752197
7,0.8572772440599224,0.11266356193970706,0.07243999628292533,0.5101211925555617,0.9044533104116071,0.663606965382048,0.0007938926261462366,0.5920578837394714,4.376089572906494,6.210898399353027
8,0.847958042293556,0.10176494842045038,0.057761595160087095,0.5054787556344259,0.905561238507179,0.677082089628399,0.0007269952498697733,0.597510814666748,4.8605804443359375,7.604991436004639
9,0.8280212272930823,0.09384153651143363,0.042865001387061945,0.5044253625881124,0.9014682445877295,0.6488485049231331,0.0006545084971874737,0.6072621941566467,5.295373916625977,9.580060005187988
10,0.8203200502104537,0.08479050048223867,0.03282747403520287,0.5171185181361624,0.900261182088919,0.6691799532656905,0.0005782172325201155,0.6125683188438416,5.757548809051514,11.964062690734863
11,0.8037792767087618,0.07647249707079778,0.026497025636665283,0.523486272720787,0.9116981111034794,0.6864428174496015,0.0005,0.6161784529685974,6.330238342285156,14.264252662658691
12,0.7884998868486678,0.06532341226284423,0.018389043876535165,0.536751455179527,0.910322257305217,0.6683783131143943,0.0004217827674798847,0.6355240941047668,7.160242557525635,17.52098846435547
13,0.7839084627583276,0.061440695168327744,0.012812659384848771,0.5385450374642513,0.9149107635038132,0.6666625502502328,0.00034549150281252633,0.6375621557235718,7.717113494873047,21.05740737915039
14,0.7692197756865844,0.05288869810980403,0.007189844653691682,0.5375011265185596,0.9115033330016914,0.6940065488419503,0.00027300475013022663,0.6510563492774963,8.466809272766113,24.983562469482422
15,0.755398961481968,0.04474576642238643,0.0038788904162486487,0.5403617908992279,0.9167284471495749,0.6950277632343012,0.00020610737385376348,0.6606501340866089,9.31988525390625,30.33315086364746
16,0.7456768669322787,0.039228720314249045,0.0026728134019638554,0.5461590838475067,0.915524382630434,0.6766029716129943,0.00014644660940672625,0.667202353477478,10.049599647521973,35.3092041015625
17,0.7420248710754922,0.03379363207268656,0.0013663465947841692,0.5379903797913133,0.9176732148875728,0.6856411849954147,9.549150281252631e-05,0.6716131567955017,10.672176361083984,39.51762771606445
18,0.7294321567474717,0.02927912088222831,0.0009542640639001493,0.5441093021237887,0.9175719376256235,0.6948367610893416,5.4496737905816096e-05,0.6767314076423645,11.11730670928955,42.17876434326172
19,0.7353869990592471,0.027476339986023206,0.0005215101013827867,0.5417385666294319,0.9173679614032972,0.6947170521130209,2.447174185242323e-05,0.6773442029953003,11.335515975952148,43.54100036621094
20,0.7376186378319443,0.025369575469592873,0.0002490202499764421,0.545344087887044,0.9168495921746587,0.6933517375624844,6.15582970243117e-06,0.6773905754089355,11.392666816711426,43.92524719238281
